conference,year,place
1st,1956,Gwalior
2nd,1957,Madras
3rd,1958,Delhi
4th,1959,Jabalpur
5th,1960,Kanpur
6th,1961,Udaipur
7th,1962,Hyderabad
8th,1963,Ahmedabad
9th,1964,Nagpur
10th,1965,Patna
11th,1966,Poona
12th,1967,Guwahati
13th,1968,Ambala Cantt.
14th,1969,Bangalore
15th,1970,New Delhi
16th,1972,Bhubaneswar
17th,1973,Madras
18th,1974,Amritsar
19th,1975,Calcutta
20th,1976,Agra
21st,1977,Srinagar
22nd,1978,Trivandrum
23rd,1979,Patna
24th,1980,Jabalpur
25th,1981,New Delhi
26th,1982,Hyderabad
27th,1983,Baroda
28th,1985,Jaipur
29th,1986,Madras
30th,1987,"Bharwari, U.P."
31st,1988,New Delhi
32nd,1989,Mysore
33rd,1991,Jaipur
34th,1993,Dehara Dun
35th,1998,Ajmer
36th,1999,Calcutta
37th,2000,Patiala
38th,2002,Nagpur
39th,2004,Patna
40th,2005,Kolkata
41st,2006,Nagpur (Golden Jubilee Conference)
42nd,2008,"Bhandara, Maharashtra"
43rd,2009,"Kunigal, Tumkur, Karnataka"
44th,2010,"Trivandrum, Kerala"
45th,2014,"Nagpur, Maharashtra"
46th,2015,"Patna, Bihar"
47th,2016,New Delhi
48th,2017,"Ranchi, Jharkhand"
49th,2018,"B.H.U., Varanasi, Uttar Pradesh"
50th,2019,"Bhubaneswar, Odisha"
51st,January 2024,"Simultala, Jamui, Bihar"
52nd,2024,"Kushinagar, Uttar Pradesh"
53rd,2025,"Chakrapani Residential School, Rajgir, Nalanda, Bihar"
